Region;2000 Forest Area;2000 Land Area;2000 Proportion Calculated;2000 Proportion SDG;Differenz;2010 Forest Area;2010 Land Area;2010 Proportion Calculated;2010 Proportion SDG;Differenz;2020 Forest Area;2020 Land Area;2020 Proportion Calculated;2020 Proportion SDG;Differenz;Nature Forest Area;Nature Land Area;Nature Proportion;Aggregate;Entwicklung Waldfläche effektiv;Entwicklung Waldfläche proportional;Region
Afghanistan;1208.44;65286.00;1.85;1.85;0.00;1208.44;65286;1.85;1.85;0.00;1208.44;65286.00;1.85;1.85;0.00;;;;;0.00;0.00;Afghanistan
Africa;710048.85;2989062.78;23.75;23.76;-0.01;676015.37;2989133.78;22.62;22.62;-0.01;636638.97;2989150.92;21.30;21.30;-0.01;;;;yes;-73409.88;-2.46;Africa
Åland Islands;0.00;158.00;0.00;0.00;0.00;0.00;158;0.00;0.00;0.00;0.00;158.00;0.00;0.00;0.00;;;;;0.00;0.00;Åland Islands
Albania;769.30;2740.00;28.08;28.08;0.00;782.07;2740;28.54;28.54;0.00;788.90;2740.00;28.79;28.79;0.00;;;;;19.60;0.72;Albania
Algeria;1579.00;238174.00;0.66;0.66;0.00;1918.00;238174;0.81;0.81;0.00;1949.00;238174.10;0.82;0.82;0.00;;;;;370.00;0.16;Algeria
American Samoa;17.73;20.00;88.65;88.65;0.00;17.43;20;87.15;87.15;0.00;17.13;20.00;85.65;85.65;0.00;;;;;-0.60;-3.00;American Samoa
Americas;1674994.03;3868304.90;43.30;43.30;0.00;1624344.25;3866764.9;42.01;42.01;0.00;1596895.79;3866481.60;41.30;41.31;0.00;;;;yes;-78098.24;-2.00;Americas
Andorra;16.00;47.00;34.04;34.04;0.00;16.00;47;34.04;34.04;0.00;16.00;47.00;34.04;34.04;0.00;;;;;0.00;0.00;Andorra
Angola;77708.61;124670.00;62.33;62.33;0.00;72158.00;124670;57.88;57.88;0.00;66607.38;124670.00;53.43;53.43;0.00;;;;;-11101.23;-8.90;Angola
Anguilla;5.50;9.00;61.11;61.11;0.00;5.50;9;61.11;61.11;0.00;5.50;9.00;61.11;61.11;0.00;;;;;0.00;0.00;Anguilla
Antigua and Barbuda;9.45;44.00;21.48;21.48;0.00;8.78;44;19.95;19.95;0.00;8.12;44.00;18.45;18.45;0.00;;;;;-1.33;-3.02;Antigua and Barbuda
Argentina;33378.00;273669.00;12.20;12.20;0.00;30214.00;273669;11.04;11.04;0.00;28573.00;273669.00;10.44;10.44;0.00;;;;;-4805.00;-1.76;Argentina
Armenia;332.64;2847.00;11.68;11.68;0.00;330.56;2847;11.61;11.61;0.00;328.47;2847.00;11.54;11.54;0.00;;;;;-4.17;-0.15;Armenia
Aruba;0.42;18.00;2.33;2.33;0.00;0.42;18;2.33;2.33;0.00;0.42;18.00;2.33;2.33;0.00;;;;;0.00;0.00;Aruba
Asia;587599.96;3110296.90;18.89;18.89;0.00;610959.91;3109816.84;19.65;19.65;0.00;622686.81;3110413.18;20.02;20.02;0.00;;;;yes;35086.85;1.13;Asia
Australia;131814.10;768230.00;17.16;17.16;0.00;129546.10;768230;16.86;16.86;0.00;134005.10;769202.00;17.42;17.42;0.00;;;;;2191.00;0.26;Australia
Australia and New Zealand;141665.03;794616.67;17.83;17.83;0.00;139394.71;794616.67;17.54;17.54;0.00;143898.18;795588.67;18.09;18.09;0.00;;;;yes;2233.15;0.26;Australia and New Zealand
Austria;3838.14;8258.00;46.48;46.48;0.00;3863.20;8257.1;46.79;46.79;0.00;3899.15;8252.00;47.25;47.25;0.00;;;;;61.01;0.77;Austria
Azerbaijan;987.22;8260.50;11.95;11.95;0.00;1032.49;8265.6;12.49;12.49;0.00;1131.77;8265.40;13.69;13.69;0.00;;;;;144.55;1.74;Azerbaijan
Bahamas;509.86;1001.00;50.94;50.94;0.00;509.86;1001;50.94;50.94;0.00;509.86;1001.00;50.94;50.94;0.00;;;;;0.00;0.00;Bahamas
Bahrain;0.37;71.00;0.52;0.52;0.00;0.52;76.2;0.68;0.68;0.00;0.70;78.00;0.90;0.90;0.00;;;;;0.33;0.38;Bahrain
Bangladesh;1920.33;13017.00;14.75;14.75;0.00;1888.34;13017;14.51;14.51;0.00;1883.40;13017.00;14.47;14.47;0.00;;;;;-36.93;-0.28;Bangladesh
Barbados;6.30;43.00;14.65;14.65;0.00;6.30;43;14.65;14.65;0.00;6.30;43.00;14.65;14.65;0.00;;;;;0.00;0.00;Barbados
Belarus;8273.00;20284.00;40.79;40.79;0.00;8630.00;20290;42.53;42.53;0.00;8767.60;20298.00;43.19;43.19;0.00;;;;;494.60;2.41;Belarus
Belgium;667.30;3028.00;22.04;22.04;0.00;689.87;3028;22.78;22.78;0.00;689.30;3028.00;22.76;22.76;0.00;;;;;22.00;0.73;Belgium
Belize;1459.30;2281.00;63.98;63.98;0.00;1391.39;2281;61.00;61.00;0.00;1277.05;2281.00;55.99;55.99;0.00;;;;;-182.25;-7.99;Belize
Benin;4135.15;11276.00;36.67;36.67;0.00;3635.15;11276;32.24;32.24;0.00;3135.15;11276.00;27.80;27.80;0.00;;;;;-1000.00;-8.87;Benin
Bermuda;1.00;5.40;18.52;18.52;0.00;1.00;5.4;18.52;18.52;0.00;1.00;5.40;18.52;18.52;0.00;;;;;0.00;0.00;Bermuda
Bhutan;2606.00;3980.00;65.48;65.48;0.00;2705.29;3811.7;70.97;70.97;0.00;2725.08;3814.00;71.45;71.45;0.00;;;;;119.08;5.97;Bhutan
Bolivia (Plurinational State of);55101.39;108330.00;50.86;50.86;0.00;53086.01;108330;49.00;49.00;0.00;50833.76;108330.00;46.92;46.92;0.00;;;;;-4267.63;-3.94;Bolivia (Plurinational State of)
Bonaire, Sint Eustatius and Saba;1.91;32.20;5.93;5.93;0.00;1.91;32.2;5.93;5.93;0.00;1.91;32.20;5.93;5.93;0.00;;;;;0.00;0.00;Bonaire, Sint Eustatius and Saba
Bosnia and Herzegovina;2111.65;5120.00;41.24;41.24;0.00;2102.66;5120;41.07;41.07;0.00;2187.91;5120.00;42.73;42.73;0.00;;;;;76.26;1.49;Bosnia and Herzegovina
Botswana;17620.70;56673.00;31.09;31.09;0.00;16437.70;56673;29.00;29.00;0.00;15254.70;56673.00;26.92;26.92;0.00;;;;;-2366.00;-4.17;Botswana
Brazil;551088.60;835814.00;65.93;65.93;0.00;511580.70;835814;61.21;61.21;0.00;496619.60;835814.00;59.42;59.42;0.00;;;;;-54469.00;-6.52;Brazil
British Indian Ocean Territory;0.00;6.00;0.00;0.00;0.00;0.00;6;0.00;0.00;0.00;0.00;6.00;0.00;0.00;0.00;;;;;0.00;0.00;British Indian Ocean Territory
British Virgin Islands;3.67;15.00;24.47;24.47;0.00;3.64;15;24.27;24.27;0.00;3.62;15.00;24.13;24.13;0.00;;;;;-0.05;-0.33;British Virgin Islands
Brunei Darussalam;397.00;527.00;75.33;75.33;0.00;380.00;527;72.11;72.11;0.00;380.00;527.00;72.11;72.11;0.00;;;;;-17.00;-3.23;Brunei Darussalam
Bulgaria;3375.00;11063.00;30.51;30.51;0.00;3737.00;10856;34.42;34.42;0.00;3893.00;10856.00;35.86;35.86;0.00;;;;;518.00;5.35;Bulgaria
Burkina Faso;7216.50;27360.00;26.38;26.38;0.00;6716.50;27360;24.55;24.55;0.00;6216.40;27360.00;22.72;22.72;0.00;;;;;-1000.10;-3.66;Burkina Faso
Burundi;193.94;2568.00;7.55;7.55;0.00;193.94;2568;7.55;7.55;0.00;279.64;2568.00;10.89;10.89;0.00;;;;;85.70;3.34;Burundi
Cabo Verde;39.72;403.00;9.86;9.86;0.00;42.72;403;10.60;10.60;0.00;45.72;403.00;11.34;11.34;0.00;;;;;6.00;1.49;Cabo Verde
Cambodia;10781.00;17652.00;61.08;61.08;0.00;10589.23;17652;59.99;59.99;0.00;8068.37;17652.00;45.71;45.71;0.00;;;;;-2712.63;-15.37;Cambodia
Cameroon;21597.49;47271.00;45.69;45.69;0.00;20900.48;47271;44.21;44.21;0.00;20340.48;47271.00;43.03;43.03;0.00;;;;;-1257.01;-2.66;Cameroon
Canada;347801.97;896559.00;38.79;38.79;0.00;347322.21;896559;38.74;38.74;0.00;346928.10;896559.00;38.70;38.70;0.00;;;;;-873.87;-0.10;Canada
Caribbean;6807.43;22701.00;29.99;29.99;0.00;7495.96;22605;33.16;33.16;0.00;7888.13;22334.00;35.32;35.32;0.00;;;;yes;1080.70;5.33;Caribbean
Caucasus and Central Asia;15916.75;411792.00;3.87;3.87;0.00;16383.91;411789.8;3.98;3.98;0.00;17293.16;412142.10;4.20;4.20;0.00;;;;yes;1376.41;0.33;Caucasus and Central Asia
Cayman Islands;12.93;24.00;53.88;53.88;0.00;12.72;24;53.00;53.00;0.00;12.72;24.00;53.00;53.00;0.00;;;;;-0.21;-0.88;Cayman Islands
Central African Republic;22903.00;62298.00;36.76;36.76;0.00;22603.00;62298;36.28;36.28;0.00;22303.00;62298.00;35.80;35.80;0.00;;;;;-600.00;-0.96;Central African Republic
Central America;94200.68;245227.00;38.41;38.41;0.00;90648.99;245227;36.97;36.97;0.00;88096.31;245210.70;35.93;35.93;0.00;;;;yes;-6104.37;-2.49;Central America
Central and Southern Asia;107136.97;1033937.50;10.36;10.36;0.00;110348.71;1033761.9;10.67;10.67;0.00;113541.08;1034032.10;10.98;10.98;0.00;;;;yes;6404.11;0.62;Central and Southern Asia
Central Asia;11836.29;393735.50;3.01;3.01;0.00;12198.46;393728.2;3.10;3.10;0.00;13010.52;394080.70;3.30;3.30;0.00;;;;yes;1174.23;0.30;Central Asia
Chad;6353.00;125920.00;5.05;5.05;0.00;5530.00;125920;4.39;4.39;0.00;4313.00;125920.00;3.43;3.43;0.00;;;;;-2040.00;-1.62;Chad
Channel Islands;0.00;19.80;0.00;0.00;0.00;0.00;19.8;0.00;0.00;0.00;0.00;19.80;0.00;0.00;0.00;;;;;0.00;0.00;Channel Islands
Chile;15817.06;74353.20;21.27;21.27;0.00;16725.26;74353.2;22.49;22.49;0.00;18210.70;74353.20;24.49;24.49;0.00;;;;;2393.64;3.22;Chile
China;177000.55;942470.00;18.78;18.78;0.00;200610.38;942470.07;21.29;21.29;0.00;219978.18;942470.29;23.34;23.34;0.00;;;;;42977.63;4.56;China
China, Hong Kong Special Administrative Region;0.00;105.00;0.00;0.00;0.00;0.00;105;0.00;0.00;0.00;0.00;105.00;0.00;0.00;0.00;;;;;0.00;0.00;China, Hong Kong Special Administrative Region
China, Macao Special Administrative Region;0.00;2.00;0.00;0.00;0.00;0.00;2.97;0.00;0.00;0.00;0.00;3.29;0.00;0.00;0.00;;;;;0.00;0.00;China, Macao Special Administrative Region
Christmas Island;0.00;13.50;0.00;0.00;0.00;0.00;13.5;0.00;0.00;0.00;0.00;13.50;0.00;0.00;0.00;;;;;0.00;0.00;Christmas Island
Cocos (Keeling) Islands;0.00;1.37;0.00;0.00;0.00;0.00;1.37;0.00;0.00;0.00;0.00;1.37;0.00;0.00;0.00;;;;;0.00;0.00;Cocos (Keeling) Islands
Colombia;62735.50;110950.00;56.54;56.54;0.00;60807.79;110950;54.81;54.81;0.00;59141.91;110950.00;53.31;53.31;0.00;;;;;-3593.59;-3.24;Colombia
Comoros;41.68;186.10;22.40;22.40;0.00;37.30;186.1;20.04;20.04;0.00;32.92;186.10;17.69;17.69;0.00;;;;;-8.76;-4.71;Comoros
Congo;22195.00;34150.00;64.99;64.99;0.00;22075.00;34150;64.64;64.64;0.00;21946.00;34150.00;64.26;64.26;0.00;;;;;-249.00;-0.73;Congo
Cook Islands;15.57;24.00;64.88;64.88;0.00;15.59;24;64.96;64.96;0.00;15.59;24.00;64.96;64.96;0.00;;;;;0.02;0.08;Cook Islands
Costa Rica;2857.22;5106.00;55.96;55.96;0.00;2871.20;5106;56.23;56.23;0.00;3034.87;5106.00;59.44;59.44;0.00;;;;;177.65;3.48;Costa Rica
Côte d'Ivoire;5094.45;31800.00;16.02;16.02;0.00;3965.58;31800;12.47;12.47;0.00;2836.71;31800.00;8.92;8.92;0.00;;;;;-2257.74;-7.10;Côte d'Ivoire
Croatia;1885.00;5591.20;33.71;33.71;0.00;1920.00;5596.4;34.31;34.31;0.00;1939.11;5596.40;34.65;34.65;0.00;;;;;54.11;0.94;Croatia
Cuba;2435.00;10740.00;22.67;22.67;0.00;2932.00;10644;27.55;27.55;0.00;3242.00;10380.00;31.23;31.23;0.00;;;;;807.00;8.56;Cuba
Curaçao;0.07;44.40;0.16;0.16;0.00;0.07;44.4;0.16;0.16;0.00;0.07;44.40;0.16;0.16;0.00;;;;;0.00;0.00;Curaçao
Cyprus;171.61;924.00;18.57;18.57;0.00;172.84;924;18.71;18.71;0.00;172.53;924.00;18.67;18.67;0.00;;;;;0.92;0.10;Cyprus
Czechia;2637.29;7727.00;34.13;34.13;0.00;2657.38;7724;34.40;34.40;0.00;2677.09;7720.00;34.68;34.68;0.00;;;;;39.80;0.55;Czechia
Democratic People's Republic of Korea;6454.69;12041.00;53.61;53.61;0.00;6242.39;12041;51.84;51.84;0.00;6030.09;12041.00;50.08;50.08;0.00;;;;;-424.60;-3.53;Democratic People's Republic of Korea
Democratic Republic of the Congo;143899.00;226705.00;63.47;63.47;0.00;137169.00;226705;60.51;60.51;0.00;126155.24;226705.00;55.65;55.65;0.00;;;;;-17743.76;-7.83;Democratic Republic of the Congo
Denmark;571.60;4000.00;14.29;14.29;0.00;586.49;4000;14.66;14.66;0.00;628.44;4000.00;15.71;15.71;0.00;;;;;56.84;1.42;Denmark
Developed regions (Europe, Cyprus, Israel, Northern America, Japan, Australia & New Zealand);1820474.74;4902249.62;37.14;37.14;0.00;1834714.80;4900251.737;37.44;37.44;0.00;1843332.47;4901164.88;37.61;37.61;0.00;;;;yes;22857.73;0.47;Developed regions (Europe, Cyprus, Israel, Northern America, Japan, Australia & New Zealand)
Developing regions;2337764.78;8128376.40;28.76;28.77;0.00;2271602.14;8127877.34;27.95;27.95;0.00;2215598.34;8128207.52;27.26;27.26;0.00;;;;yes;-122166.44;-1.50;Developing regions
Djibouti;5.60;2318.00;0.24;0.24;0.00;5.60;2318;0.24;0.24;0.00;5.80;2318.00;0.25;0.25;0.00;;;;;0.20;0.01;Djibouti
Dominica;47.87;75.00;63.83;63.83;0.00;47.87;75;63.83;63.83;0.00;47.87;75.00;63.83;63.83;0.00;;;;;0.00;0.00;Dominica
Dominican Republic;1972.47;4831.00;40.83;40.83;0.00;2073.12;4831;42.91;42.91;0.00;2144.10;4831.00;44.38;44.38;0.00;;;;;171.63;3.55;Dominican Republic
Eastern Africa;218543.95;682533.66;32.02;32.06;-0.04;208586.06;682604.6597;30.56;30.59;-0.04;197407.79;682633.45;28.92;28.95;-0.03;;;;yes;-21136.16;-3.10;Eastern Africa
Eastern and South-Eastern Asia;452571.07;1596855.90;28.34;28.34;0.00;471600.87;1596807.14;29.53;29.54;0.00;478879.40;1597162.88;29.98;29.99;0.00;;;;yes;26308.33;1.64;Eastern and South-Eastern Asia
Eastern Asia;229071.14;1156070.00;19.81;19.82;0.00;252389.67;1156145.04;21.83;21.83;0.00;271403.05;1156547.08;23.47;23.47;0.00;;;;yes;42331.91;3.65;Eastern Asia
Eastern Asia (excluding Japan);204195.14;1119620.00;18.24;18.24;0.00;227423.67;1119695.04;20.31;20.31;0.00;246468.05;1120097.08;22.00;22.01;0.00;;;;yes;42272.91;3.77;Eastern Asia (excluding Japan)
Eastern Europe;852655.77;1805803.00;47.22;47.22;0.00;859890.78;1805269.1;47.63;47.63;0.00;861116.75;1805348.53;47.70;47.70;0.00;;;;yes;8460.98;0.48;Eastern Europe
Ecuador;13730.50;24836.00;55.28;55.28;0.00;13028.19;24836;52.46;52.46;0.00;12497.83;24836.00;50.32;50.32;0.00;;;;;-1232.67;-4.96;Ecuador
Egypt;59.21;99545.00;0.06;0.06;0.00;65.64;99545;0.07;0.07;0.00;44.98;99545.00;0.05;0.05;0.00;;;;;-14.23;-0.01;Egypt
El Salvador;673.88;2072.00;32.52;32.52;0.00;628.88;2072;30.35;30.35;0.00;583.88;2072.00;28.18;28.18;0.00;;;;;-90.00;-4.34;El Salvador
Equatorial Guinea;2615.58;2805.00;93.25;93.25;0.00;2532.01;2805;90.27;90.27;0.00;2448.42;2805.00;87.29;87.29;0.00;;;;;-167.16;-5.96;Equatorial Guinea
Eritrea;1118.46;10100.00;11.07;11.07;0.00;1086.86;10100;10.76;10.76;0.00;1055.26;10100.00;10.45;10.45;0.00;;;;;-63.20;-0.63;Eritrea
Estonia;2238.89;4239.00;52.82;52.82;0.00;2336.02;4239;55.11;55.11;0.00;2438.40;4347.00;56.09;56.09;0.00;;;;;199.51;3.28;Estonia
Eswatini;473.28;1720.00;27.52;27.52;0.00;485.43;1720;28.22;28.22;0.00;497.56;1720.00;28.93;28.93;0.00;;;;;24.28;1.41;Eswatini
Ethiopia;18528.50;112925.34;16.41;16.41;0.00;17798.50;112925.3379;15.76;15.76;0.00;17068.50;112930.04;15.11;15.11;0.00;;;;;-1460.00;-1.29;Ethiopia
Europe;1002268.24;2214270.55;45.26;45.27;0.00;1013982.38;2213722.667;45.80;45.81;0.00;1017461.22;2213663.81;45.96;45.97;0.00;;;;yes;15192.98;0.70;Europe
Europe and Northern America;1653609.10;4068094.95;40.65;40.65;0.00;1670027.25;4066097.067;41.07;41.07;0.00;1674186.76;4066038.21;41.17;41.18;0.00;;;;yes;20577.66;0.53;Europe and Northern America
Falkland Islands (Malvinas);0.00;1217.00;0.00;0.00;0.00;0.00;1217;0.00;0.00;0.00;0.00;1217.00;0.00;0.00;0.00;;;;;0.00;0.00;Falkland Islands (Malvinas)
Faroe Islands;0.08;139.60;0.06;0.06;0.00;0.08;139.6;0.06;0.06;0.00;0.08;139.60;0.06;0.06;0.00;;;;;0.00;0.00;Faroe Islands
Fiji;1006.47;1827.00;55.09;55.09;0.00;1073.24;1827;58.74;58.74;0.00;1140.02;1827.00;62.40;62.40;0.00;;;;;133.55;7.31;Fiji
Finland;22445.64;30459.00;73.69;73.69;0.00;22242.00;30390;73.19;73.19;0.00;22409.00;30392.00;73.73;73.73;0.00;;;;;-36.64;0.04;Finland
France;15288.00;54756.70;27.92;27.92;0.00;16419.00;54755.7;29.99;29.99;0.00;17253.00;54755.70;31.51;31.51;0.00;;;;;1965.00;3.59;France
French Guiana;8079.44;8271.00;97.68;97.68;0.00;8036.50;8277;97.09;97.09;0.00;8002.85;8281.00;96.64;96.64;0.00;;;;;-76.59;-1.04;French Guiana
French Polynesia;148.55;347.10;42.80;42.80;0.00;149.46;347.1;43.06;43.06;0.00;149.46;347.10;43.06;43.06;0.00;;;;;0.91;0.26;French Polynesia
French Southern Territories;0.00;778.10;0.00;0.00;0.00;0.00;778.1;0.00;0.00;0.00;0.00;778.10;0.00;0.00;0.00;;;;;0.00;0.00;French Southern Territories
Gabon;23700.00;25767.00;91.98;91.98;0.00;23649.41;25767;91.78;91.78;0.00;23530.60;25767.00;91.32;91.32;0.00;;;;;-169.40;-0.66;Gabon
Gambia;357.33;1012.00;35.31;35.31;0.00;300.00;1012;29.64;29.64;0.00;242.67;1012.00;23.98;23.98;0.00;;;;;-114.66;-11.33;Gambia
Georgia;2760.60;6949.00;39.73;39.73;0.00;2822.40;6949;40.62;40.62;0.00;2822.40;6949.00;40.62;40.62;0.00;;;;;61.80;0.89;Georgia
Germany;11354.00;34895.00;32.54;32.54;0.00;11409.00;34857;32.73;32.73;0.00;11419.00;34938.00;32.68;32.68;0.00;;;;;65.00;0.15;Germany
Ghana;8848.61;22754.00;38.89;38.89;0.00;7942.93;22754;34.91;34.91;0.00;7985.71;22754.00;35.10;35.10;0.00;;;;;-862.90;-3.79;Ghana
Gibraltar;0.00;1.00;0.00;0.00;0.00;0.00;1;0.00;0.00;0.00;0.00;1.00;0.00;0.00;0.00;;;;;0.00;0.00;Gibraltar
Greece;3600.23;12890.00;27.93;27.93;0.00;3901.80;12890;30.27;30.27;0.00;3901.80;12890.00;30.27;30.27;0.00;;;;;301.57;2.34;Greece
Greenland;0.22;41045.00;0.00;0.00;0.00;0.22;41045;0.00;0.00;0.00;0.22;41045.00;0.00;0.00;0.00;;;;;0.00;0.00;Greenland
Grenada;17.70;34.00;52.06;52.06;0.00;17.70;34;52.06;52.06;0.00;17.70;34.00;52.06;52.06;0.00;;;;;0.00;0.00;Grenada
Guadeloupe;72.27;169.00;42.76;42.76;0.00;71.55;169;42.34;42.34;0.00;71.92;162.00;44.40;44.40;0.00;;;;;-0.35;1.63;Guadeloupe
Guam;24.00;54.00;44.44;44.44;0.00;24.00;54;44.44;44.44;0.00;28.00;54.00;51.85;51.85;0.00;;;;;4.00;7.41;Guam
Guatemala;4209.20;10716.00;39.28;39.28;0.00;3722.60;10716;34.74;34.74;0.00;3527.80;10716.00;32.92;32.92;0.00;;;;;-681.40;-6.36;Guatemala
Guernsey;0.23;7.80;2.95;2.95;0.00;0.42;7.8;5.38;5.38;0.00;0.42;7.80;5.38;5.38;0.00;;;;;0.19;2.44;Guernsey
Guinea;6929.00;24572.00;28.20;28.20;0.00;6569.00;24572;26.73;26.73;0.00;6189.00;24572.00;25.19;25.19;0.00;;;;;-740.00;-3.01;Guinea
Guinea-Bissau;2148.88;2812.00;76.42;76.42;0.00;2064.43;2812;73.42;73.42;0.00;1980.01;2812.00;70.41;70.41;0.00;;;;;-168.87;-6.01;Guinea-Bissau
Guyana;18564.22;19685.00;94.31;94.31;0.00;18519.81;19685;94.08;94.08;0.00;18415.34;19685.00;93.55;93.55;0.00;;;;;-148.88;-0.76;Guyana
Haiti;380.65;2756.00;13.81;13.81;0.00;378.38;2756;13.73;13.73;0.00;347.30;2756.00;12.60;12.60;0.00;;;;;-33.35;-1.21;Haiti
Heard Island and McDonald Islands;0.00;36.80;0.00;0.00;0.00;0.00;36.8;0.00;0.00;0.00;0.00;36.80;0.00;0.00;0.00;;;;;0.00;0.00;Heard Island and McDonald Islands
Holy See;0.00;0.04;0.00;0.00;0.00;0.00;0.044;0.00;0.00;0.00;0.00;0.04;0.00;0.00;0.00;;;;;0.00;0.00;Holy See
Honduras;6778.27;11189.00;60.58;60.58;0.00;6575.47;11189;58.77;58.77;0.00;6359.26;11189.00;56.83;56.83;0.00;;;;;-419.01;-3.74;Honduras
Hungary;1921.17;8962.00;21.44;21.44;0.00;2046.39;9053;22.60;22.60;0.00;2053.01;9126.00;22.50;22.50;0.00;;;;;131.84;1.06;Hungary
Iceland;29.83;10025.00;0.30;0.30;0.00;44.67;10025;0.45;0.45;0.00;51.35;10083.00;0.51;0.51;0.00;;;;;21.52;0.21;Iceland
India;67591.00;297319.00;22.73;22.73;0.00;69496.00;297319;23.37;23.37;0.00;72160.00;297319.00;24.27;24.27;0.00;;;;;4569.00;1.54;India
Indonesia;101280.00;187751.90;53.94;53.94;0.00;99659.20;187751.9;53.08;53.08;0.00;92133.20;187751.90;49.07;49.07;0.00;;;;;-9146.80;-4.87;Indonesia
Iran (Islamic Republic of);9325.66;162876.00;5.73;5.73;0.00;10691.98;162876;6.56;6.56;0.00;10751.87;162876.00;6.60;6.60;0.00;;;;;1426.21;0.88;Iran (Islamic Republic of)
Iraq;818.00;43737.00;1.87;1.87;0.00;825.00;43432;1.90;1.90;0.00;825.00;43412.80;1.90;1.90;0.00;;;;;7.00;0.03;Iraq
Ireland;630.36;6889.00;9.15;9.15;0.00;720.38;6889;10.46;10.46;0.00;782.02;6889.00;11.35;11.35;0.00;;;;;151.66;2.20;Ireland
Isle of Man;3.46;57.00;6.07;6.07;0.00;3.46;57;6.07;6.07;0.00;3.46;57.00;6.07;6.07;0.00;;;;;0.00;0.00;Isle of Man
Israel;153.00;2164.00;7.07;7.07;0.00;154.00;2164;7.12;7.12;0.00;140.00;2164.00;6.47;6.47;0.00;;;;;-13.00;-0.60;Israel
Italy;8369.25;29571.80;28.30;28.30;0.00;9028.04;29571.8;30.53;30.53;0.00;9566.13;29571.80;32.35;32.35;0.00;;;;;1196.88;4.05;Italy
Jamaica;521.00;1083.00;48.11;48.11;0.00;558.45;1083;51.57;51.57;0.00;596.89;1083.00;55.11;55.11;0.00;;;;;75.89;7.01;Jamaica
Japan;24876.00;36450.00;68.25;68.25;0.00;24966.00;36450;68.49;68.49;0.00;24935.00;36450.00;68.41;68.41;0.00;;;;;59.00;0.16;Japan
Jersey;0.60;12.00;5.00;5.00;0.00;0.60;12;5.00;5.00;0.00;0.60;12.00;5.00;5.00;0.00;;;;;0.00;0.00;Jersey
Jordan;97.50;8824.00;1.10;1.10;0.00;97.50;8878;1.10;1.10;0.00;97.50;8878.00;1.10;1.10;0.00;;;;;0.00;-0.01;Jordan
Kazakhstan;3156.93;269970.00;1.17;1.17;0.00;3082.18;269970;1.14;1.14;0.00;3454.68;269970.00;1.28;1.28;0.00;;;;;297.75;0.11;Kazakhstan
Kenya;3961.19;56914.00;6.96;6.96;0.00;3616.34;56914;6.35;6.35;0.00;3611.09;56914.00;6.34;6.34;0.00;;;;;-350.10;-0.62;Kenya
Kiribati;1.18;81.00;1.46;1.46;0.00;1.18;81;1.46;1.46;0.00;1.18;81.00;1.46;1.46;0.00;;;;;0.00;0.00;Kiribati
Kuwait;4.85;1782.00;0.27;0.27;0.00;6.25;1782;0.35;0.35;0.00;6.25;1782.00;0.35;0.35;0.00;;;;;1.40;0.08;Kuwait
Kyrgyzstan;1180.90;19180.00;6.16;6.16;0.00;1229.68;19180;6.41;6.41;0.00;1315.38;19180.00;6.86;6.86;0.00;;;;;134.48;0.70;Kyrgyzstan
Landlocked developing countries (LLDCs);301081.41;1670056.06;18.03;18.03;0.00;290287.71;1669932.56;17.38;17.38;0.00;278072.83;1670661.98;16.64;16.64;0.00;;;;yes;-23008.58;-1.38;Landlocked developing countries (LLDCs)
Lao People's Democratic Republic;17425.00;23080.00;75.50;75.50;0.00;16940.50;23080;73.40;73.40;0.00;16595.50;23080.00;71.90;71.90;0.00;;;;;-829.50;-3.59;Lao People's Democratic Republic
Latin America and the Caribbean;1023653.17;2014480.50;50.81;50.82;-0.01;968299.38;2014390.5;48.07;48.08;-0.01;940170.25;2014107.20;46.68;46.69;-0.01;;;;yes;-83482.92;-4.14;Latin America and the Caribbean
Latvia;3241.00;6219.60;52.11;52.11;0.00;3372.12;6224;54.18;54.18;0.00;3410.79;6209.00;54.93;54.93;0.00;;;;;169.79;2.82;Latvia
Least Developed Countries (LDCs);605121.62;2036234.28;29.72;29.72;0.00;574158.96;2036108.98;28.20;28.20;0.00;535202.65;2036080.32;26.29;26.29;0.00;;;;yes;-69918.97;-3.43;Least Developed Countries (LDCs)
Lebanon;138.18;1023.00;13.51;13.51;0.00;137.35;1023;13.43;13.43;0.00;143.33;1023.00;14.01;14.01;0.00;;;;;5.15;0.50;Lebanon
Lesotho;34.52;3036.00;1.14;1.14;0.00;34.52;3036;1.14;1.14;0.00;34.52;3036.00;1.14;1.14;0.00;;;;;0.00;0.00;Lesotho
Liberia;8222.64;9632.00;85.37;85.37;0.00;7920.04;9632;82.23;82.23;0.00;7617.44;9632.00;79.08;79.08;0.00;;;;;-605.20;-6.28;Liberia
Libya;217.00;175954.00;0.12;0.12;0.00;217.00;175954;0.12;0.12;0.00;217.00;175954.00;0.12;0.12;0.00;;;;;0.00;0.00;Libya
Liechtenstein;6.70;16.00;41.88;41.88;0.00;6.70;16;41.87;41.87;0.00;6.70;16.00;41.88;41.88;0.00;;;;;0.00;0.00;Liechtenstein
Lithuania;2020.00;6268.00;32.23;32.23;0.00;2170.00;6267.5;34.62;34.62;0.00;2201.00;6263.00;35.14;35.14;0.00;;;;;181.00;2.92;Lithuania
Luxembourg;86.70;243.00;35.68;35.68;0.00;88.70;243;36.50;36.50;0.00;88.70;243.00;36.50;36.50;0.00;;;;;2.00;0.82;Luxembourg
Madagascar;13030.67;58154.00;22.41;22.41;0.00;12561.98;58154;21.60;21.60;0.00;12429.81;58180.00;21.36;21.36;0.00;;;;;-600.86;-1.04;Madagascar
Malawi;3081.70;9428.00;32.69;32.69;0.00;2661.70;9428;28.23;28.23;0.00;2241.70;9428.00;23.78;23.78;0.00;;;;;-840.00;-8.91;Malawi
Malaysia;19691.35;32855.00;59.93;59.93;0.00;18947.65;32855;57.67;57.67;0.00;19114.04;32855.00;58.18;58.18;0.00;;;;;-577.31;-1.76;Malaysia
Maldives;0.82;30.00;2.73;2.73;0.00;0.82;30;2.73;2.73;0.00;0.82;30.00;2.73;2.73;0.00;;;;;0.00;0.00;Maldives
Mali;13296.00;122019.00;10.90;10.90;0.00;13296.00;122019;10.90;10.90;0.00;13296.00;122019.00;10.90;10.90;0.00;;;;;0.00;0.00;Mali
Malta;0.35;32.00;1.09;1.09;0.00;0.35;32;1.09;1.09;0.00;0.46;32.00;1.44;1.44;0.00;;;;;0.11;0.34;Malta
Marshall Islands;9.40;18.00;52.22;52.22;0.00;9.40;18;52.22;52.22;0.00;9.40;18.00;52.22;52.22;0.00;;;;;0.00;0.00;Marshall Islands
Martinique;48.74;106.00;45.98;45.98;0.00;50.29;106;47.44;47.44;0.00;52.29;106.00;49.33;49.33;0.00;;;;;3.55;3.35;Martinique
Mauritania;421.64;103070.00;0.41;0.41;0.00;367.24;103070;0.36;0.36;0.00;312.80;103070.00;0.30;0.30;0.00;;;;;-108.84;-0.11;Mauritania
Mauritius;41.93;203.00;20.66;20.66;0.00;38.39;203;18.91;18.91;0.00;38.77;203.00;19.10;19.10;0.00;;;;;-3.16;-1.56;Mauritius
Mayotte;15.67;37.40;41.90;41.90;0.00;14.41;37.4;38.53;38.53;0.00;13.89;37.40;37.14;37.14;0.00;;;;;-1.78;-4.76;Mayotte
Melanesia;41102.19;52959.00;77.61;77.61;0.00;41063.73;52959;77.54;77.54;0.00;40799.07;52959.00;77.04;77.04;0.00;;;;yes;-303.12;-0.57;Melanesia
Mexico;68381.35;194395.00;35.18;35.18;0.00;66943.31;194395;34.44;34.44;0.00;65692.08;194395.00;33.79;33.79;0.00;;;;;-2689.27;-1.38;Mexico
Micronesia;169.98;320.42;53.05;53.62;-0.57;169.59;320.42;52.93;53.50;-0.57;168.77;320.42;52.67;53.24;-0.57;;;;yes;-1.21;-0.38;Micronesia
Micronesia (Federated States of);63.86;70.00;91.23;91.23;0.00;64.13;70;91.61;91.61;0.00;64.42;70.00;92.03;92.03;0.00;;;;;0.56;0.80;Micronesia (Federated States of)
Middle Africa;321030.04;649682.00;49.41;49.41;0.00;306675.00;649682;47.20;47.20;0.00;287696.02;649682.00;44.28;44.28;0.00;;;;yes;-33334.02;-5.13;Middle Africa
Monaco;0.00;0.20;0.00;0.00;0.00;0.00;0.2027;0.00;0.00;0.00;0.00;0.20;0.00;0.00;0.00;;;;;0.00;0.00;Monaco
Mongolia;14263.90;155356.00;9.18;9.18;0.00;14183.90;155356;9.13;9.13;0.00;14172.78;155725.50;9.10;9.10;0.00;;;;;-91.12;-0.08;Mongolia
Montenegro;626.00;1345.00;46.54;46.54;0.00;827.00;1345;61.49;61.49;0.00;827.00;1345.00;61.49;61.49;0.00;;;;;201.00;14.94;Montenegro
Montserrat;2.50;10.00;25.00;25.00;0.00;2.50;10;25.00;25.00;0.00;2.50;10.00;25.00;25.00;0.00;;;;;0.00;0.00;Montserrat
Morocco;5506.54;44630.00;12.34;12.34;0.00;5674.57;44630;12.71;12.71;0.00;5742.49;44630.00;12.87;12.87;0.00;;;;;235.95;0.53;Morocco
Mozambique;41188.00;78638.00;52.38;52.38;0.00;38972.14;78638;49.56;49.56;0.00;36743.76;78638.00;46.73;46.73;0.00;;;;;-4444.24;-5.65;Mozambique
Myanmar;34868.11;65354.00;53.35;53.35;0.00;31441.00;65326;48.13;48.13;0.00;28543.89;65279.00;43.73;43.73;0.00;;;;;-6324.22;-9.63;Myanmar
Namibia;8059.08;82329.00;9.79;9.79;0.00;7348.99;82329;8.93;8.93;0.00;6638.90;82329.00;8.06;8.06;0.00;;;;;-1420.18;-1.73;Namibia
Nauru;0.00;2.00;0.00;0.00;0.00;0.00;2;0.00;0.00;0.00;0.00;2.00;0.00;0.00;0.00;;;;;0.00;0.00;Nauru
Nepal;5970.76;14335.00;41.65;41.65;0.00;5962.03;14335;41.59;41.59;0.00;5962.03;14335.00;41.59;41.59;0.00;;;;;-8.73;-0.06;Nepal
Netherlands;359.50;3376.00;10.65;10.65;0.00;373.48;3373;11.07;11.07;0.00;369.50;3367.00;10.97;10.97;0.00;;;;;10.00;0.33;Netherlands
New Caledonia;837.85;1828.00;45.83;45.83;0.00;839.02;1828;45.90;45.90;0.00;838.02;1828.00;45.84;45.84;0.00;;;;;0.17;0.01;New Caledonia
New Zealand;9850.44;26331.00;37.41;37.41;0.00;9848.12;26331;37.40;37.40;0.00;9892.59;26331.00;37.57;37.57;0.00;;;;;42.15;0.16;New Zealand
Nicaragua;5399.32;12034.00;44.87;44.87;0.00;4188.15;12034;34.80;34.80;0.00;3407.53;12034.00;28.32;28.32;0.00;;;;;-1991.79;-16.55;Nicaragua
Niger;1328.10;126670.00;1.05;1.05;0.00;1203.90;126670;0.95;0.95;0.00;1079.70;126670.00;0.85;0.85;0.00;;;;;-248.40;-0.20;Niger
Nigeria;24893.04;91077.00;27.33;27.33;0.00;23259.98;91077;25.54;25.54;0.00;21626.95;91077.00;23.75;23.75;0.00;;;;;-3266.09;-3.59;Nigeria
Niue;18.83;26.00;72.42;72.42;0.00;18.77;26;72.19;72.19;0.00;18.87;26.00;72.58;72.58;0.00;;;;;0.04;0.15;Niue
Norfolk Island;0.49;4.00;12.25;12.25;0.00;0.49;4;12.25;12.25;0.00;0.49;4.00;12.25;12.25;0.00;;;;;0.00;0.00;Norfolk Island
North Macedonia;957.55;2543.00;37.65;37.65;0.00;960.43;2522;38.08;38.08;0.00;1001.49;2522.00;39.71;39.71;0.00;;;;;43.94;2.06;North Macedonia
Northern Africa;30525.07;785374.12;3.89;3.89;0.00;29308.92;785374.1206;3.73;3.73;0.00;27680.82;785362.47;3.52;3.52;0.00;;;;yes;-2844.25;-0.36;Northern Africa
Northern Africa (exc. Sudan);8698.91;600439.00;1.45;1.45;0.00;9227.75;600439;1.54;1.54;0.00;9321.27;600439.10;1.55;1.55;0.00;;;;yes;622.36;0.10;Northern Africa (exc. Sudan)
Northern Africa and Western Asia;58416.98;1264877.62;4.62;4.62;0.00;58319.24;1264621.921;4.61;4.61;0.00;57947.15;1264580.67;4.58;4.58;0.00;;;;yes;-469.83;-0.04;Northern Africa and Western Asia
Northern America;651340.86;1853824.40;35.13;35.13;0.00;656044.87;1852374.4;35.42;35.42;0.00;656725.54;1852374.40;35.45;35.45;0.00;;;;yes;5384.68;0.32;Northern America
Northern Europe;74411.69;170245.20;43.71;43.75;-0.05;74710.24;170180.1;43.90;43.95;-0.05;75275.56;170011.99;44.28;44.32;-0.05;;;;yes;863.87;0.57;Northern Europe
Northern Mariana Islands;31.96;46.00;69.48;69.48;0.00;30.32;46;65.91;65.91;0.00;24.36;46.00;52.96;52.96;0.00;;;;;-7.60;-16.52;Northern Mariana Islands
Norway;12113.00;30424.60;39.81;39.81;0.00;12102.00;30424.6;39.78;39.78;0.00;12180.00;30410.99;40.05;40.05;0.00;;;;;67.00;0.24;Norway
Oceania;183328.45;848690.89;21.60;21.60;0.00;181015.04;848690.89;21.33;21.33;0.00;185248.02;849662.89;21.80;21.80;0.00;;;;yes;1919.57;0.20;Oceania
Oceania (exc. Australia and New Zealand);41663.42;54074.22;77.05;77.05;0.00;41620.33;54074.22;76.97;76.97;0.00;41349.84;54074.22;76.47;76.47;0.00;;;;yes;-313.58;-0.58;Oceania (exc. Australia and New Zealand)
Oman;3.00;30950.00;0.01;0.01;0.00;3.00;30950;0.01;0.01;0.00;2.50;30950.00;0.01;0.01;0.00;;;;;-0.50;0.00;Oman
Pakistan;4511.26;77088.00;5.85;5.85;0.00;4093.73;77088;5.31;5.31;0.00;3725.90;77088.00;4.83;4.83;0.00;;;;;-785.36;-1.02;Pakistan
Palau;39.58;46.00;86.04;86.04;0.00;40.56;46;88.17;88.17;0.00;41.41;46.00;90.02;90.02;0.00;;;;;1.83;3.98;Palau
Panama;4442.14;7434.00;59.75;59.75;0.00;4327.99;7434;58.22;58.22;0.00;4213.84;7417.70;56.81;56.81;0.00;;;;;-228.30;-2.95;Panama
Papua New Guinea;36277.97;45286.00;80.11;80.11;0.00;36178.89;45286;79.89;79.89;0.00;35855.76;45286.00;79.18;79.18;0.00;;;;;-422.21;-0.93;Papua New Guinea
Paraguay;22991.65;39730.00;57.87;57.87;0.00;19570.21;39730;49.26;49.26;0.00;16102.26;39730.00;40.53;40.53;0.00;;;;;-6889.39;-17.34;Paraguay
Peru;75297.83;128000.00;58.83;58.83;0.00;74049.80;128000;57.85;57.85;0.00;72330.37;128000.00;56.51;56.51;0.00;;;;;-2967.46;-2.32;Peru
Philippines;7309.26;29817.00;24.51;24.51;0.00;6839.72;29817;22.94;22.94;0.00;7188.59;29817.00;24.11;24.11;0.00;;;;;-120.67;-0.40;Philippines
Pitcairn;3.50;4.70;74.47;74.47;0.00;3.50;4.7;74.47;74.47;0.00;3.50;4.70;74.47;74.47;0.00;;;;;0.00;0.00;Pitcairn
Poland;9059.00;30629.00;29.58;29.58;0.00;9329.00;30628;30.46;30.46;0.00;9483.00;30617.00;30.97;30.97;0.00;;;;;424.00;1.40;Poland
Polynesia;391.25;794.80;49.23;49.23;0.00;387.01;794.8;48.69;48.69;0.00;382.00;794.80;48.06;48.06;0.00;;;;yes;-9.25;-1.16;Polynesia
Portugal;3281.00;9150.00;35.86;35.86;0.00;3252.00;9159;35.51;35.51;0.00;3312.00;9160.56;36.15;36.15;0.00;;;;;31.00;0.30;Portugal
Puerto Rico;429.15;887.00;48.38;48.38;0.00;491.45;887;55.41;55.41;0.00;496.33;887.00;55.96;55.96;0.00;;;;;67.18;7.57;Puerto Rico
Qatar;0.00;1161.00;0.00;0.00;0.00;0.00;1161;0.00;0.00;0.00;0.00;1149.00;0.00;0.00;0.00;;;;;0.00;0.00;Qatar
Republic of Korea;6476.00;9646.00;67.14;67.14;0.00;6387.00;9720;65.71;65.71;0.00;6287.00;9752.00;64.47;64.47;0.00;;;;;-189.00;-2.67;Republic of Korea
Republic of Moldova;344.40;3288.00;10.47;10.47;0.00;374.50;3285;11.40;11.40;0.00;386.50;3288.53;11.75;11.75;0.00;;;;;42.10;1.28;Republic of Moldova
Réunion;90.97;250.00;36.39;36.39;0.00;93.99;250;37.60;37.60;0.00;98.44;251.00;39.22;39.22;0.00;;;;;7.47;2.83;Réunion
Romania;6366.00;22971.00;27.71;27.71;0.00;6515.00;23005;28.32;28.32;0.00;6929.05;23008.00;30.12;30.12;0.00;;;;;563.05;2.40;Romania
Russian Federation;809268.50;1638134.00;49.40;49.40;0.00;815135.60;1637687;49.77;49.77;0.00;815311.60;1637687.00;49.78;49.78;0.00;;;;;6043.10;0.38;Russian Federation
Rwanda;287.00;2467.00;11.63;11.63;0.00;265.00;2467;10.74;10.74;0.00;276.00;2467.00;11.19;11.19;0.00;;;;;-11.00;-0.45;Rwanda
Saint Barthélemy;0.17;2.00;8.50;8.50;0.00;0.17;2;8.50;8.50;0.00;0.17;2.00;8.50;8.50;0.00;;;;;0.00;0.00;Saint Barthélemy
Saint Helena;2.00;39.00;5.13;5.13;0.00;2.00;39;5.13;5.13;0.00;2.00;39.00;5.13;5.13;0.00;;;;;0.00;0.00;Saint Helena
Saint Kitts and Nevis;11.00;26.00;42.31;42.31;0.00;11.00;26;42.31;42.31;0.00;11.00;26.00;42.31;42.31;0.00;;;;;0.00;0.00;Saint Kitts and Nevis
Saint Lucia;21.01;61.00;34.44;34.44;0.00;20.77;61;34.05;34.05;0.00;20.77;61.00;34.05;34.05;0.00;;;;;-0.24;-0.39;Saint Lucia
Saint Martin (French Part);1.24;5.00;24.80;24.80;0.00;1.24;5;24.80;24.80;0.00;1.24;5.00;24.80;24.80;0.00;;;;;0.00;0.00;Saint Martin (French Part)
Saint Pierre and Miquelon;1.67;23.00;7.26;7.26;0.00;1.44;23;6.26;6.26;0.00;1.22;23.00;5.30;5.30;0.00;;;;;-0.45;-1.96;Saint Pierre and Miquelon
Saint Vincent and the Grenadines;28.54;39.00;73.18;73.18;0.00;28.54;39;73.18;73.18;0.00;28.54;39.00;73.18;73.18;0.00;;;;;0.00;0.00;Saint Vincent and the Grenadines
Samoa;171.31;283.00;60.53;60.53;0.00;166.49;283;58.83;58.83;0.00;161.67;283.00;57.13;57.13;0.00;;;;;-9.64;-3.41;Samoa
San Marino;1.00;6.00;16.67;16.67;0.00;1.00;6;16.67;16.67;0.00;1.00;6.00;16.67;16.67;0.00;;;;;0.00;0.00;San Marino
Sao Tome and Principe;58.36;96.00;60.79;60.79;0.00;58.10;96;60.52;60.52;0.00;51.90;96.00;54.06;54.06;0.00;;;;;-6.46;-6.73;Sao Tome and Principe
Saudi Arabia;977.00;214969.00;0.45;0.45;0.00;977.00;214969;0.45;0.45;0.00;977.00;214969.00;0.45;0.45;0.00;;;;;0.00;0.00;Saudi Arabia
Senegal;8853.16;19253.00;45.98;45.98;0.00;8468.16;19253;43.98;43.98;0.00;8068.16;19253.00;41.91;41.91;0.00;;;;;-785.00;-4.08;Senegal
Serbia;2460.00;8746.00;28.13;28.13;0.00;2713.00;8746;31.02;31.02;0.00;2722.65;8746.00;31.13;31.13;0.00;;;;;262.65;3.00;Serbia
Seychelles;33.70;46.00;73.26;73.26;0.00;33.70;46;73.26;73.26;0.00;33.70;46.00;73.26;73.26;0.00;;;;;0.00;0.00;Seychelles
Sierra Leone;2929.43;7218.00;40.59;40.59;0.00;2732.16;7218;37.85;37.85;0.00;2534.88;7218.00;35.12;35.12;0.00;;;;;-394.55;-5.47;Sierra Leone
Singapore;17.01;67.00;25.39;25.39;0.00;17.74;70.2;25.27;25.27;0.00;15.57;70.90;21.96;21.96;0.00;;;;;-1.44;-3.43;Singapore
Sint Maarten (Dutch part);0.37;3.40;10.88;10.88;0.00;0.37;3.4;10.88;10.88;0.00;0.37;3.40;10.88;10.88;0.00;;;;;0.00;0.00;Sint Maarten (Dutch part)
Slovakia;1901.41;4810.00;39.53;39.53;0.00;1917.91;4809.1;39.88;39.88;0.00;1925.90;4808.00;40.06;40.06;0.00;;;;;24.49;0.53;Slovakia
Slovenia;1233.00;2014.00;61.22;61.22;0.00;1247.00;2014.62;61.90;61.90;0.00;1237.83;2013.64;61.47;61.47;0.00;;;;;4.83;0.25;Slovenia
Small island developing States (SIDS);87011.26;119247.20;72.97;72.97;0.00;87399.84;119154.4;73.35;73.35;0.00;87088.97;118891.10;73.25;73.25;0.00;;;;yes;77.71;0.28;Small island developing States (SIDS)
Solomon Islands;2537.60;2799.00;90.66;90.66;0.00;2530.28;2799;90.40;90.40;0.00;2522.97;2799.00;90.14;90.14;0.00;;;;;-14.63;-0.52;Solomon Islands
Somalia;7515.00;62734.00;11.98;11.98;0.00;6747.50;62734;10.76;10.76;0.00;5980.00;62734.00;9.53;9.53;0.00;;;;;-1535.00;-2.45;Somalia
South Africa;17778.09;121309.00;14.66;14.66;0.00;17414.09;121309;14.36;14.36;0.00;17050.09;121309.00;14.06;14.06;0.00;;;;;-728.00;-0.60;South Africa
South America;922645.06;1746552.50;52.83;52.84;-0.01;870154.43;1746558.5;49.82;49.83;-0.01;844185.81;1746562.50;48.33;48.34;-0.01;;;;yes;-78459.25;-4.49;South America
South Georgia and the South Sandwich Islands;0.00;390.30;0.00;0.00;0.00;0.00;390.3;0.00;0.00;0.00;0.00;390.30;0.00;0.00;0.00;;;;;0.00;0.00;South Georgia and the South Sandwich Islands
South Sudan;7157.00;63195.72;11.33;11.33;0.00;7157.00;63195.7218;11.33;11.33;0.00;7157.00;63192.81;11.33;11.33;0.00;;;;;0.00;0.00;South Sudan
South-Eastern Asia;223499.93;440785.90;50.70;50.70;0.00;219211.20;440662.1;49.75;49.75;0.00;207476.35;440615.80;47.09;47.09;0.00;;;;yes;-16023.58;-3.62;South-Eastern Asia
Southern Africa;43965.67;265067.00;16.59;16.59;0.00;41720.73;265067;15.74;15.74;0.00;39475.77;265067.00;14.89;14.89;0.00;;;;yes;-4489.90;-1.69;Southern Africa
Southern Asia;95300.69;640202.00;14.89;14.89;0.00;98150.25;640033.7;15.34;15.34;0.00;100530.56;639951.40;15.71;15.71;0.00;;;;yes;5229.87;0.82;Southern Asia
Southern Europe;42404.26;129697.04;32.69;32.69;0.00;45296.69;129791.864;34.90;34.90;0.00;46074.45;129751.79;35.51;35.51;0.00;;;;yes;3670.19;2.81;Southern Europe
Spain;17093.93;49900.00;34.26;34.26;0.00;18545.34;50001;37.09;37.09;0.00;18572.17;49960.35;37.17;37.17;0.00;;;;;1478.24;2.92;Spain
Sri Lanka;2166.42;6271.00;34.55;34.55;0.00;2103.62;6271;33.55;33.55;0.00;2113.02;6186.40;34.16;34.16;0.00;;;;;-53.40;-0.39;Sri Lanka
State of Palestine;9.08;602.00;1.51;1.51;0.00;9.95;602;1.65;1.65;0.00;10.14;602.00;1.68;1.68;0.00;;;;;1.06;0.18;State of Palestine
Sub-Saharan Africa;679523.78;2203688.66;30.84;30.85;-0.01;646706.45;2203759.66;29.35;29.36;-0.01;608958.15;2203788.45;27.63;27.64;-0.01;;;;yes;-70565.63;-3.20;Sub-Saharan Africa
Sub-Saharan Africa (inc. Sudan);701349.94;2388623.78;29.36;29.37;-0.01;666787.62;2388694.78;27.91;27.92;-0.01;627317.70;2388711.82;26.26;26.27;-0.01;;;;yes;-74032.24;-3.10;Sub-Saharan Africa (inc. Sudan)
Sudan;21826.16;184935.12;11.80;11.80;0.00;20081.17;184935.1206;10.86;10.86;0.00;18359.55;184923.37;9.93;9.93;0.00;;;;;-3466.61;-1.87;Sudan
Suriname;15340.87;15600.00;98.34;98.34;0.00;15299.86;15600;98.08;98.08;0.00;15196.29;15600.00;97.41;97.41;0.00;;;;;-144.58;-0.93;Suriname
Svalbard and Jan Mayen Islands;0.00;6099.80;0.00;0.00;0.00;0.00;6099.8;0.00;0.00;0.00;0.00;6099.80;0.00;0.00;0.00;;;;;0.00;0.00;Svalbard and Jan Mayen Islands
Sweden;28163.00;41034.00;68.63;68.63;0.00;28073.00;41034;68.41;68.41;0.00;27980.00;40731.00;68.69;68.69;0.00;;;;;-183.00;0.06;Sweden
Switzerland;1196.18;3952.40;30.26;30.26;0.00;1234.72;3951.6;31.25;31.25;0.00;1269.11;3951.60;32.12;32.12;0.00;;;;;72.93;1.85;Switzerland
Syrian Arab Republic;432.08;18378.00;2.35;2.35;0.00;492.08;18363;2.68;2.68;0.00;522.08;18363.00;2.84;2.84;0.00;;;;;90.00;0.49;Syrian Arab Republic
Tajikistan;410.00;13996.00;2.93;2.93;0.00;410.00;13996;2.93;2.93;0.00;423.80;13879.00;3.05;3.05;0.00;;;;;13.80;0.12;Tajikistan
Thailand;18998.00;51089.00;37.19;37.19;0.00;20073.00;51089;39.29;39.29;0.00;19873.00;51089.00;38.90;38.90;0.00;;;;;875.00;1.71;Thailand
Timor-Leste;949.10;1487.00;63.83;63.83;0.00;935.10;1487;62.89;62.89;0.00;921.10;1487.00;61.94;61.94;0.00;;;;;-28.00;-1.88;Timor-Leste
Togo;1268.46;5439.00;23.32;23.32;0.00;1238.87;5439;22.78;22.78;0.00;1209.27;5439.00;22.23;22.23;0.00;;;;;-59.19;-1.09;Togo
Tokelau;0.00;1.00;0.00;0.00;0.00;0.00;1;0.00;0.00;0.00;0.00;1.00;0.00;0.00;0.00;;;;;0.00;0.00;Tokelau
Tonga;8.95;72.00;12.43;12.43;0.00;8.95;72;12.43;12.43;0.00;8.95;72.00;12.43;12.43;0.00;;;;;0.00;0.00;Tonga
Trinidad and Tobago;236.65;513.00;46.13;46.13;0.00;232.41;513;45.30;45.30;0.00;228.19;513.00;44.48;44.48;0.00;;;;;-8.46;-1.65;Trinidad and Tobago
Tunisia;667.85;15536.00;4.30;4.30;0.00;687.43;15536;4.42;4.42;0.00;702.73;15536.00;4.52;4.52;0.00;;;;;34.88;0.22;Tunisia
Turkey;20148.35;76963.00;26.18;26.18;0.00;21083.08;76963;27.39;27.39;0.00;22220.36;76963.00;28.87;28.87;0.00;;;;;2072.01;2.69;Turkey
Turkmenistan;4127.00;46993.00;8.78;8.78;0.00;4127.00;46993;8.78;8.78;0.00;4127.00;46993.00;8.78;8.78;0.00;;;;;0.00;0.00;Turkmenistan
Turks and Caicos Islands;10.52;95.00;11.07;11.07;0.00;10.52;95;11.07;11.07;0.00;10.52;95.00;11.07;11.07;0.00;;;;;0.00;0.00;Turks and Caicos Islands
Tuvalu;1.00;3.00;33.33;33.33;0.00;1.00;3;33.33;33.33;0.00;1.00;3.00;33.33;33.33;0.00;;;;;0.00;0.00;Tuvalu
Uganda;3162.95;19981.00;15.83;15.83;0.00;2750.42;20052;13.72;13.72;0.00;2337.90;20052.00;11.66;11.66;0.00;;;;;-825.05;-4.17;Uganda
Ukraine;9510.00;57935.00;16.41;16.41;0.00;9548.00;57932;16.48;16.48;0.00;9690.00;57940.00;16.72;16.72;0.00;;;;;180.00;0.31;Ukraine
United Arab Emirates;309.43;7102.00;4.36;4.36;0.00;317.30;7102;4.47;4.47;0.00;317.30;7102.00;4.47;4.47;0.00;;;;;7.87;0.11;United Arab Emirates
United Kingdom of Great Britain and Northern Ireland;2954.00;24193.00;12.21;12.21;0.00;3059.00;24193;12.64;12.64;0.00;3190.00;24193.00;13.19;13.19;0.00;;;;;236.00;0.98;United Kingdom of Great Britain and Northern Ireland
United Republic of Tanzania;53670.01;88580.00;60.59;60.59;0.00;49950.01;88580;56.39;56.39;0.00;45745.00;88580.00;51.64;51.64;0.00;;;;;-7925.01;-8.95;United Republic of Tanzania
United States Minor Outlying Islands;0.00;3.42;0.00;0.00;0.00;0.00;3.42;0.00;0.00;0.00;0.00;3.42;0.00;0.00;0.00;;;;;0.00;0.00;United States Minor Outlying Islands
United States of America;303536.00;916192.00;33.13;33.13;0.00;308720.00;914742;33.75;33.75;0.00;309795.00;914742.00;33.87;33.87;0.00;;;;;6259.00;0.74;United States of America
United States Virgin Islands;20.47;35.00;58.49;58.49;0.00;18.43;35;52.66;52.66;0.00;19.91;35.00;56.89;56.89;0.00;;;;;-0.56;-1.60;United States Virgin Islands
Uruguay;1369.00;17502.00;7.82;7.82;0.00;1731.30;17502;9.89;9.89;0.00;2031.00;17502.00;11.60;11.60;0.00;;;;;662.00;3.78;Uruguay
Uzbekistan;2961.46;43596.50;6.79;6.79;0.00;3349.60;43589.2;7.68;7.68;0.00;3689.66;44058.70;8.37;8.37;0.00;;;;;728.20;1.58;Uzbekistan
Vanuatu;442.30;1219.00;36.28;36.28;0.00;442.30;1219;36.28;36.28;0.00;442.30;1219.00;36.28;36.28;0.00;;;;;0.00;0.00;Vanuatu
Venezuela (Bolivarian Republic of);49151.00;88205.00;55.72;55.72;0.00;47505.00;88205;53.86;53.86;0.00;46230.90;88205.00;52.41;52.41;0.00;;;;;-2920.10;-3.31;Venezuela (Bolivarian Republic of)
Viet Nam;11784.10;31106.00;37.88;37.88;0.00;13388.06;31007;43.18;43.18;0.00;14643.09;31007.00;47.23;47.23;0.00;;;;;2858.99;9.34;Viet Nam
Wallis and Futuna Islands;5.81;14.00;41.50;41.50;0.00;5.82;14;41.57;41.57;0.00;5.83;14.00;41.64;41.64;0.00;;;;;0.02;0.14;Wallis and Futuna Islands
Western Africa;95984.11;606406.00;15.83;15.83;0.00;89724.66;606406;14.80;14.80;0.00;84378.57;606406.00;13.91;13.91;0.00;;;;yes;-11605.54;-1.91;Western Africa
Western Asia;27891.91;479503.50;5.82;5.82;0.00;29010.32;479247.8;6.05;6.05;0.00;30266.33;479218.20;6.32;6.32;0.00;;;;yes;2374.42;0.50;Western Asia
Western Asia (exc. Armenia, Azerbaijan, Cyprus, Israel and Georgia);23486.84;458359.00;5.12;5.12;0.00;24498.03;458098.2;5.35;5.35;0.00;25671.16;458068.80;5.60;5.60;0.00;;;;yes;2184.32;0.48;Western Asia (exc. Armenia, Azerbaijan, Cyprus, Israel and Georgia)
Western Europe;32796.52;108525.30;30.22;30.22;0.00;34084.67;108481.6027;31.42;31.42;0.00;34994.46;108551.51;32.24;32.24;0.00;;;;yes;2197.94;2.02;Western Europe
Western Sahara;669.31;26600.00;2.52;2.52;0.00;665.11;26600;2.50;2.50;0.00;665.07;26600.00;2.50;2.50;0.00;;;;;-4.24;-0.02;Western Sahara
World;4158239.52;13030626.02;31.91;31.91;0.00;4106316.94;13028129.08;31.52;31.52;0.00;4058930.81;13029372.41;31.15;31.16;0.00;;;;yes;-99308.71;-0.76;World
Yemen;549.00;52797.00;1.04;1.04;0.00;549.00;52797;1.04;1.04;0.00;549.00;52797.00;1.04;1.04;0.00;;;;;0.00;0.00;Yemen
Zambia;47054.00;74339.00;63.30;63.30;0.00;46696.00;74339;62.81;62.81;0.00;44814.03;74339.00;60.28;60.28;0.00;;;;;-2239.97;-3.01;Zambia
Zimbabwe;18365.98;38685.00;47.48;47.48;0.00;17905.28;38685;46.28;46.28;0.00;17444.58;38685.00;45.09;45.09;0.00;;;;;-921.40;-2.38;Zimbabwe
;;;;;;;;;;;;;;;;;;;;;;